Allele;Frequency
HLA-A01:01;0,09664742
HLA-A01:02;0,00070725
HLA-A01:03;0,00413863
HLA-A01:06;0,00004055
HLA-A01:07;0,00000374
HLA-A01:08;0,00000022
HLA-A01:09;0,00001083
HLA-A01:10;0,00000572
HLA-A01:100;0,00000002
HLA-A01:106;0,00000034
HLA-A01:11;0,00000614
HLA-A01:12;0,00000413
HLA-A01:123;0,00000002
HLA-A01:13;0,00000312
HLA-A01:136;0,00000252
HLA-A01:14;0,00000603
HLA-A01:15;0,00000000
HLA-A01:16;0,00000614
HLA-A01:17;0,00091561
HLA-A01:18;0,00000614
HLA-A01:19;0,00000022
HLA-A01:198;0,00000002
HLA-A01:20;0,00000038
HLA-A01:208;0,00000002
HLA-A01:220;0,00000002
HLA-A01:229;0,00000002
HLA-A01:23;0,00000407
HLA-A01:24;0,00000037
HLA-A01:247;0,00000004
HLA-A01:25;0,00000714
HLA-A01:26;0,00000028
HLA-A01:27;0,00000000
HLA-A01:28;0,00000047
HLA-A01:29;0,00000002
HLA-A01:30;0,00000028
HLA-A01:33;0,00000006
HLA-A01:36;0,00090132
HLA-A01:38;0,00000100
HLA-A01:39;0,00000004
HLA-A01:40;0,00000032
HLA-A01:43;0,00000018
HLA-A01:44;0,00000102
HLA-A01:57;0,00000002
HLA-A01:61;0,00000002
HLA-A01:66;0,00000001
HLA-A01:67;0,00000002
HLA-A01:68;0,00000002
HLA-A01:69;0,00000002
HLA-A01:72;0,00000004
HLA-A01:86;0,00000186
HLA-A01:91;0,00000034
HLA-A02:01;0,16184374
HLA-A02:02;0,01755416
HLA-A02:03;0,00963330
HLA-A02:04;0,00044517
HLA-A02:05;0,01029085
HLA-A02:06;0,01678571
HLA-A02:07;0,01099981
HLA-A02:08;0,00007531
HLA-A02:09;0,00001266
HLA-A02:10;0,00027508
HLA-A02:101;0,00000055
HLA-A02:102;0,00000045
HLA-A02:103;0,00000008
HLA-A02:104;0,00000121
HLA-A02:105;0,00000012
HLA-A02:106;0,00000008
HLA-A02:107;0,00000004
HLA-A02:108;0,00000016
HLA-A02:11;0,00344913
HLA-A02:110;0,00000424
HLA-A02:112;0,00000009
HLA-A02:114;0,00000021
HLA-A02:115;0,00000040
HLA-A02:118;0,00000111
HLA-A02:119;0,00000124
HLA-A02:12;0,00003109
HLA-A02:120;0,00000001
HLA-A02:121;0,00000017
HLA-A02:122;0,00000112
HLA-A02:123;0,00000042
HLA-A02:125;0,00000028
HLA-A02:128;0,00000006
HLA-A02:129;0,00000010
HLA-A02:13;0,00009712
HLA-A02:130;0,00000028
HLA-A02:133;0,00000135
HLA-A02:135;0,00000004
HLA-A02:136;0,00000103
HLA-A02:137;0,00000020
HLA-A02:138;0,00000106
HLA-A02:139;0,00000004
HLA-A02:14;0,00004503
HLA-A02:141;0,00000098
HLA-A02:145;0,00000040
HLA-A02:146;0,00000098
HLA-A02:147;0,00000036
HLA-A02:148;0,00000061
HLA-A02:149;0,00000121
HLA-A02:15;0,00000125
HLA-A02:151;0,00000206
HLA-A02:152;0,00000015
HLA-A02:153;0,00000005
HLA-A02:154;0,00000087
HLA-A02:155;0,00000002
HLA-A02:156;0,00000006
HLA-A02:157;0,00000134
HLA-A02:158;0,00000134
HLA-A02:16;0,00038671
HLA-A02:160;0,00000014
HLA-A02:161;0,00000028
HLA-A02:162;0,00000011
HLA-A02:163;0,00000014
HLA-A02:164;0,00000010
HLA-A02:165;0,00000008
HLA-A02:166;0,00000006
HLA-A02:167;0,00000032
HLA-A02:168;0,00000006
HLA-A02:169;0,00000042
HLA-A02:17;0,00508956
HLA-A02:171;0,00000010
HLA-A02:172;0,00000002
HLA-A02:173;0,00000002
HLA-A02:174;0,00000002
HLA-A02:177;0,00000049
HLA-A02:18;0,00001900
HLA-A02:180;0,00000006
HLA-A02:182;0,00000004
HLA-A02:183;0,00000176
HLA-A02:186;0,00000020
HLA-A02:188;0,00000002
HLA-A02:189;0,00000014
HLA-A02:19;0,00000503
HLA-A02:191;0,00000034
HLA-A02:193;0,00000188
HLA-A02:194;0,00000063
HLA-A02:195;0,00000034
HLA-A02:197;0,00031623
HLA-A02:198;0,00000002
HLA-A02:199;0,00000004
HLA-A02:20;0,00022950
HLA-A02:200;0,00000002
HLA-A02:205;0,00000004
HLA-A02:206;0,00000002
HLA-A02:209;0,00000018
HLA-A02:21;0,00000360
HLA-A02:210;0,00000012
HLA-A02:211;0,00000261
HLA-A02:212;0,00000012
HLA-A02:213;0,00000014
HLA-A02:217;0,00000004
HLA-A02:22;0,00042626
HLA-A02:221;0,00000022
HLA-A02:223;0,00000002
HLA-A02:224;0,00000014
HLA-A02:226;0,00000104
HLA-A02:227;0,00000026
HLA-A02:230;0,00000061
HLA-A02:235;0,00000002
HLA-A02:24;0,00002174
HLA-A02:245;0,00000218
HLA-A02:246;0,00000004
HLA-A02:25;0,00000464
HLA-A02:251;0,00000096
HLA-A02:254;0,00000002
HLA-A02:255;0,00000008
HLA-A02:26;0,00000767
HLA-A02:263;0,00000001
HLA-A02:267;0,00000047
HLA-A02:268;0,00000163
HLA-A02:27;0,00001291
HLA-A02:270;0,00000030
HLA-A02:271;0,00000007
HLA-A02:272;0,00000010
HLA-A02:273;0,00000010
HLA-A02:274;0,00000010
HLA-A02:275;0,00000004
HLA-A02:276;0,00000004
HLA-A02:277;0,00000006
HLA-A02:278;0,00000006
HLA-A02:279;0,00000085
HLA-A02:28;0,00000568
HLA-A02:280;0,00000020
HLA-A02:281;0,00000278
HLA-A02:282;0,00000042
HLA-A02:283;0,00000002
HLA-A02:289;0,00000146
HLA-A02:29;0,00000332
HLA-A02:30;0,00006659
HLA-A02:300;0,00000006
HLA-A02:301;0,00000002
HLA-A02:303;0,00000261
HLA-A02:304;0,00000006
HLA-A02:31;0,00000024
HLA-A02:311;0,00000022
HLA-A02:312;0,00000002
HLA-A02:321;0,00000020
HLA-A02:33;0,00001011
HLA-A02:34;0,00000647
HLA-A02:35;0,00002879
HLA-A02:350;0,00000002
HLA-A02:36;0,00006607
HLA-A02:37;0,00000270
HLA-A02:38;0,00000360
HLA-A02:39;0,00000111
HLA-A02:392;0,00000071
HLA-A02:393;0,00000002
HLA-A02:40;0,00000565
HLA-A02:406;0,00000121
HLA-A02:42;0,00000332
HLA-A02:433;0,00000405
HLA-A02:434;0,00000202
HLA-A02:44;0,00000985
HLA-A02:448;0,00000101
HLA-A02:45;0,00000336
HLA-A02:46;0,00000866
HLA-A02:47;0,00000150
HLA-A02:48;0,00000235
HLA-A02:49;0,00000340
HLA-A02:50;0,00000087
HLA-A02:51;0,00000178
HLA-A02:52;0,00000170
HLA-A02:53;0,00001405
HLA-A02:54;0,00000146
HLA-A02:548;0,00000121
HLA-A02:55;0,00000417
HLA-A02:56;0,00000066
HLA-A02:57;0,00000022
HLA-A02:58;0,00000308
HLA-A02:59;0,00000002
HLA-A02:60;0,00004317
HLA-A02:61;0,00000012
HLA-A02:62;0,00000008
HLA-A02:63;0,00000085
HLA-A02:64;0,00000720
HLA-A02:648;0,00000002
HLA-A02:65;0,00000000
HLA-A02:669;0,00000121
HLA-A02:67;0,00000010
HLA-A02:68;0,00000001
HLA-A02:680;0,00000121
HLA-A02:695;0,00000002
HLA-A02:707;0,00000002
HLA-A02:73;0,00000004
HLA-A02:74;0,00000136
HLA-A02:76;0,00000087
HLA-A02:77;0,00000002
HLA-A02:79;0,00000022
HLA-A02:796;0,00000002
HLA-A02:80;0,00000006
HLA-A02:81;0,00000001
HLA-A02:84;0,00000225
HLA-A02:85;0,00002231
HLA-A02:86;0,00000152
HLA-A02:87;0,00000199
HLA-A02:88;0,00000002
HLA-A02:90;0,00000099
HLA-A02:92;0,00000006
HLA-A02:93;0,00001329
HLA-A02:94;0,00000004
HLA-A02:95;0,00000040
HLA-A02:96;0,00000030
HLA-A03:01;0,06349871
HLA-A03:02;0,02085581
HLA-A03:03;0,00000000
HLA-A03:04;0,00009634
HLA-A03:05;0,00002452
HLA-A03:06;0,00000056
HLA-A03:07;0,00000879
HLA-A03:08;0,00001512
HLA-A03:09;0,00000362
HLA-A03:10;0,00000135
HLA-A03:100;0,00000001
HLA-A03:102;0,00000002
HLA-A03:103;0,00000001
HLA-A03:105;0,00000002
HLA-A03:106;0,00000004
HLA-A03:107;0,00000022
HLA-A03:108;0,00000014
HLA-A03:111;0,00000002
HLA-A03:12;0,00000520
HLA-A03:120;0,00000002
HLA-A03:123;0,00000109
HLA-A03:124;0,00000002
HLA-A03:13;0,00000012
HLA-A03:14;0,00000048
HLA-A03:144;0,00000002
HLA-A03:15;0,00000019
HLA-A03:157;0,00000002
HLA-A03:16;0,00000100
HLA-A03:17;0,00000002
HLA-A03:18;0,00000007
HLA-A03:19;0,00000123
HLA-A03:20;0,00000516
HLA-A03:202;0,00000071
HLA-A03:22;0,00000120
HLA-A03:224;0,00000101
HLA-A03:23;0,00000003
HLA-A03:24;0,00000051
HLA-A03:25;0,00000114
HLA-A03:266;0,00000004
HLA-A03:27;0,00000002
HLA-A03:279;0,00000121
HLA-A03:28;0,00000004
HLA-A03:29;0,00000003
HLA-A03:30;0,00000006
HLA-A03:31;0,00000002
HLA-A03:32;0,00000006
HLA-A03:33;0,00000262
HLA-A03:38;0,00000002
HLA-A03:42;0,00001000
HLA-A03:46;0,00000003
HLA-A03:47;0,00000008
HLA-A03:48;0,00000033
HLA-A03:49;0,00000004
HLA-A03:50;0,00001019
HLA-A03:51;0,00000008
HLA-A03:53;0,00000004
HLA-A03:56;0,00000004
HLA-A03:59;0,00000004
HLA-A03:63;0,00000002
HLA-A03:64;0,00000001
HLA-A03:65;0,00000099
HLA-A03:66;0,00000000
HLA-A03:69;0,00000095
HLA-A03:73;0,00000006
HLA-A03:74;0,00000039
HLA-A03:77;0,00000001
HLA-A03:79;0,00000001
HLA-A03:81;0,00000024
HLA-A03:86;0,00000002
HLA-A03:87;0,00000002
HLA-A03:88;0,00000001
HLA-A03:89;0,00000006
HLA-A03:97;0,00000419
HLA-A03:98;0,00000002
HLA-A11:01;0,08576013
HLA-A11:02;0,00360746
HLA-A11:03;0,00009536
HLA-A11:04;0,00024908
HLA-A11:05;0,00001501
HLA-A11:06;0,00001446
HLA-A11:07;0,00000022
HLA-A11:08;0,00000420
HLA-A11:09;0,00002546
HLA-A11:10;0,00001125
HLA-A11:11;0,00000925
HLA-A11:117;0,00000002
HLA-A11:12;0,00004471
HLA-A11:122;0,00000101
HLA-A11:13;0,00000024
HLA-A11:14;0,00000034
HLA-A11:15;0,00000034
HLA-A11:150;0,00000002
HLA-A11:16;0,00000010
HLA-A11:160;0,00000002
HLA-A11:17;0,00000006
HLA-A11:18;0,00000185
HLA-A11:19;0,00000528
HLA-A11:20;0,00000286
HLA-A11:22;0,00000018
HLA-A11:221;0,00000004
HLA-A11:23;0,00000006
HLA-A11:24;0,00000186
HLA-A11:25;0,00000028
HLA-A11:263;0,00000210
HLA-A11:29;0,00000166
HLA-A11:30;0,00000032
HLA-A11:31;0,00000004
HLA-A11:32;0,00000010
HLA-A11:35;0,00000012
HLA-A11:37;0,00000051
HLA-A11:38;0,00000010
HLA-A11:39;0,00000051
HLA-A11:40;0,00000121
HLA-A11:43;0,00000101
HLA-A11:44;0,00000071
HLA-A11:47;0,00000008
HLA-A11:49;0,00000001
HLA-A11:52;0,00000051
HLA-A11:54;0,00000008
HLA-A11:57;0,00000010
HLA-A11:58;0,00000016
HLA-A11:59;0,00000020
HLA-A11:61;0,00000006
HLA-A11:65;0,00000008
HLA-A11:70;0,00000001
HLA-A11:96;0,00000006
HLA-A23:01;0,02988442
HLA-A23:02;0,00000732
HLA-A23:03;0,00000936
HLA-A23:04;0,00001068
HLA-A23:05;0,00001837
HLA-A23:06;0,00000601
HLA-A23:09;0,00000250
HLA-A23:10;0,00000065
HLA-A23:11;0,00000494
HLA-A23:12;0,00000019
HLA-A23:13;0,00000078
HLA-A23:14;0,00000101
HLA-A23:15;0,00000261
HLA-A23:16;0,00000556
HLA-A23:17;0,00002833
HLA-A23:20;0,00000105
HLA-A23:23;0,00000111
HLA-A23:24;0,00000032
HLA-A23:27;0,00000617
HLA-A23:28;0,00000004
HLA-A23:29;0,00000618
HLA-A23:30;0,00000085
HLA-A23:31;0,00000020
HLA-A23:39;0,00000103
HLA-A23:40;0,00000001
HLA-A24:02;0,11049335
HLA-A24:03;0,00413398
HLA-A24:04;0,00252637
HLA-A24:05;0,00008532
HLA-A24:06;0,00004071
HLA-A24:07;0,00879967
HLA-A24:08;0,00006209
HLA-A24:10;0,00065698
HLA-A24:101;0,00000011
HLA-A24:103;0,00000002
HLA-A24:104;0,00000002
HLA-A24:105;0,00000002
HLA-A24:106;0,00000022
HLA-A24:109;0,00000275
HLA-A24:11;0,00000306
HLA-A24:110;0,00000006
HLA-A24:118;0,00000004
HLA-A24:121;0,00000010
HLA-A24:122;0,00000002
HLA-A24:13;0,00002933
HLA-A24:131;0,00000010
HLA-A24:138;0,00000014
HLA-A24:14;0,00008373
HLA-A24:145;0,00000063
HLA-A24:15;0,00000148
HLA-A24:162;0,00000008
HLA-A24:167;0,00000022
HLA-A24:168;0,00000002
HLA-A24:17;0,00253660
HLA-A24:176;0,00000004
HLA-A24:18;0,00000333
HLA-A24:19;0,00000028
HLA-A24:20;0,00033073
HLA-A24:206;0,00000002
HLA-A24:21;0,00000482
HLA-A24:22;0,00006233
HLA-A24:23;0,00007909
HLA-A24:238;0,00000002
HLA-A24:24;0,00000083
HLA-A24:25;0,00008660
HLA-A24:252;0,00000002
HLA-A24:256;0,00000034
HLA-A24:26;0,00006134
HLA-A24:27;0,00000314
HLA-A24:28;0,00000979
HLA-A24:286;0,00000002
HLA-A24:29;0,00000563
HLA-A24:30;0,00010416
HLA-A24:305;0,00000210
HLA-A24:31;0,00000686
HLA-A24:312;0,00000034
HLA-A24:314;0,00000100
HLA-A24:32;0,00000341
HLA-A24:324;0,00000182
HLA-A24:33;0,00000203
HLA-A24:34;0,00000024
HLA-A24:35;0,00000262
HLA-A24:353;0,00002489
HLA-A24:357;0,00000002
HLA-A24:359;0,00000002
HLA-A24:37;0,00000210
HLA-A24:38;0,00000047
HLA-A24:39;0,00000004
HLA-A24:42;0,00000101
HLA-A24:43;0,00000112
HLA-A24:45;0,00000032
HLA-A24:46;0,00000352
HLA-A24:47;0,00000013
HLA-A24:49;0,00000028
HLA-A24:50;0,00000018
HLA-A24:51;0,00000254
HLA-A24:52;0,00000030
HLA-A24:53;0,00000472
HLA-A24:55;0,00000411
HLA-A24:56;0,00000738
HLA-A24:57;0,00000110
HLA-A24:58;0,00000066
HLA-A24:59;0,00000001
HLA-A24:63;0,00000207
HLA-A24:64;0,00000121
HLA-A24:68;0,00000006
HLA-A24:69;0,00000002
HLA-A24:70;0,00000014
HLA-A24:71;0,00000002
HLA-A24:72;0,00000072
HLA-A24:73;0,00000026
HLA-A24:74;0,00000022
HLA-A24:77;0,00000006
HLA-A24:80;0,00000022
HLA-A24:81;0,00000019
HLA-A24:82;0,00000016
HLA-A24:88;0,00000115
HLA-A24:90;0,00000002
HLA-A24:93;0,00000098
HLA-A24:94;0,00000014
HLA-A24:95;0,00000215
HLA-A24:97;0,00000010
HLA-A25:01;0,01135617
HLA-A25:02;0,00001131
HLA-A25:03;0,00000122
HLA-A25:04;0,00000355
HLA-A25:05;0,00000674
HLA-A25:06;0,00000142
HLA-A25:08;0,00000018
HLA-A25:09;0,00000014
HLA-A25:10;0,00000015
HLA-A25:11;0,00000062
HLA-A25:12;0,00000016
HLA-A25:13;0,00000014
HLA-A25:14;0,00000020
HLA-A25:15;0,00000014
HLA-A25:16;0,00000014
HLA-A25:17;0,00000014
HLA-A25:18;0,00000014
HLA-A25:19;0,00000014
HLA-A25:20;0,00000014
HLA-A25:21;0,00000014
HLA-A25:22;0,00000014
HLA-A25:23;0,00000014
HLA-A25:24;0,00000014
HLA-A25:28;0,00000002
HLA-A26:01;0,04248400
HLA-A26:02;0,00114037
HLA-A26:03;0,00081673
HLA-A26:04;0,00002592
HLA-A26:05;0,00003070
HLA-A26:06;0,00000318
HLA-A26:07;0,00001143
HLA-A26:08;0,00037171
HLA-A26:09;0,00001213
HLA-A26:10;0,00000463
HLA-A26:104;0,00000002
HLA-A26:11;0,00000321
HLA-A26:12;0,00013690
HLA-A26:13;0,00000179
HLA-A26:14;0,00000136
HLA-A26:15;0,00000737
HLA-A26:16;0,00000431
HLA-A26:161;0,00000002
HLA-A26:17;0,00004591
HLA-A26:18;0,00000929
HLA-A26:19;0,00000214
HLA-A26:20;0,00000755
HLA-A26:21;0,00001123
HLA-A26:23;0,00000002
HLA-A26:26;0,00000197
HLA-A26:27;0,00002544
HLA-A26:28;0,00000001
HLA-A26:29;0,00002416
HLA-A26:30;0,00000358
HLA-A26:31;0,00000005
HLA-A26:32;0,00000101
HLA-A26:33;0,00000020
HLA-A26:34;0,00000026
HLA-A26:35;0,00000172
HLA-A26:36;0,00000090
HLA-A26:37;0,00000002
HLA-A26:38;0,00000020
HLA-A26:39;0,00000035
HLA-A26:40;0,00000008
HLA-A26:42;0,00000002
HLA-A26:45;0,00000008
HLA-A26:49;0,00000282
HLA-A26:52;0,00000040
HLA-A26:54;0,00000002
HLA-A26:60;0,00000014
HLA-A26:64;0,00000002
HLA-A26:65;0,00000063
HLA-A26:67;0,00000099
HLA-A29:01;0,01286576
HLA-A29:02;0,01789754
HLA-A29:03;0,00001034
HLA-A29:04;0,00000158
HLA-A29:05;0,00000296
HLA-A29:07;0,00000003
HLA-A29:09;0,00000030
HLA-A29:10;0,00004982
HLA-A29:11;0,00001372
HLA-A29:12;0,00000377
HLA-A29:13;0,00000040
HLA-A29:14;0,00000004
HLA-A29:15;0,00000287
HLA-A29:16;0,00000002
HLA-A29:17;0,00000001
HLA-A29:18;0,00000004
HLA-A29:19;0,00000004
HLA-A29:20;0,00000012
HLA-A29:21;0,00000034
HLA-A29:22;0,00000020
HLA-A29:27;0,00000522
HLA-A29:29;0,00000522
HLA-A29:32;0,00000103
HLA-A29:34;0,00000006
HLA-A29:71;0,00000002
HLA-A29:90;0,00000002
HLA-A30:01;0,02622575
HLA-A30:02;0,01783773
HLA-A30:03;0,00000006
HLA-A30:04;0,00353826
HLA-A30:06;0,00001001
HLA-A30:07;0,00001663
HLA-A30:08;0,00000820
HLA-A30:09;0,00001569
HLA-A30:10;0,00019358
HLA-A30:103;0,00000071
HLA-A30:11;0,00000246
HLA-A30:12;0,00001804
HLA-A30:14;0,00000002
HLA-A30:15;0,00015678
HLA-A30:16;0,00000040
HLA-A30:17;0,00000023
HLA-A30:18;0,00001115
HLA-A30:19;0,00001095
HLA-A30:20;0,00000004
HLA-A30:22;0,00000001
HLA-A30:25;0,00000146
HLA-A30:26;0,00008287
HLA-A30:28;0,00000010
HLA-A30:29;0,00000059
HLA-A30:30;0,00000001
HLA-A30:31;0,00000002
HLA-A30:32;0,00000002
HLA-A30:35;0,00000002
HLA-A30:36;0,00000006
HLA-A30:40;0,00000012
HLA-A30:44;0,00000001
HLA-A30:47;0,00000008
HLA-A30:53;0,00000002
HLA-A30:76;0,00000034
HLA-A31:01;0,02617824
HLA-A31:02;0,00004926
HLA-A31:03;0,00001275
HLA-A31:04;0,00010670
HLA-A31:05;0,00000130
HLA-A31:06;0,00001934
HLA-A31:07;0,00000011
HLA-A31:08;0,00709301
HLA-A31:09;0,00001094
HLA-A31:10;0,00000061
HLA-A31:11;0,00000526
HLA-A31:119;0,00001214
HLA-A31:12;0,00002464
HLA-A31:13;0,00000075
HLA-A31:15;0,00001166
HLA-A31:16;0,00000423
HLA-A31:17;0,00000207
HLA-A31:18;0,00000069
HLA-A31:20;0,00000005
HLA-A31:24;0,00000020
HLA-A31:26;0,00000190
HLA-A31:27;0,00000171
HLA-A31:28;0,00000002
HLA-A31:29;0,00000145
HLA-A31:30;0,00000109
HLA-A31:32;0,00000057
HLA-A31:36;0,00000002
HLA-A31:38;0,00000002
HLA-A31:39;0,00000002
HLA-A31:40;0,00000009
HLA-A31:41;0,00000207
HLA-A31:42;0,00000008
HLA-A32:01;0,02726679
HLA-A32:02;0,00001790
HLA-A32:03;0,00001217
HLA-A32:04;0,00001931
HLA-A32:05;0,00000130
HLA-A32:06;0,00000493
HLA-A32:07;0,00000085
HLA-A32:08;0,00000486
HLA-A32:09;0,00000003
HLA-A32:106;0,00000405
HLA-A32:11;0,00000002
HLA-A32:13;0,00000304
HLA-A32:15;0,00000001
HLA-A32:16;0,00000036
HLA-A32:17;0,00000062
HLA-A32:18;0,00000877
HLA-A32:19;0,00000011
HLA-A32:20;0,00000137
HLA-A32:21;0,00000214
HLA-A32:22;0,00000128
HLA-A32:25;0,00000005
HLA-A32:26;0,00000002
HLA-A32:27;0,00000014
HLA-A32:28;0,00000004
HLA-A32:35;0,00000843
HLA-A32:37;0,00000002
HLA-A32:38;0,00000014
HLA-A32:41;0,00000843
HLA-A32:49;0,00000014
HLA-A32:52;0,00000002
HLA-A32:58;0,00000002
HLA-A32:62;0,00000002
HLA-A32:67;0,00000105
HLA-A32:92;0,00000002
HLA-A33:01;0,01527588
HLA-A33:03;0,03162004
HLA-A33:04;0,00000124
HLA-A33:05;0,00005382
HLA-A33:06;0,00000016
HLA-A33:07;0,00000002
HLA-A33:08;0,00000040
HLA-A33:09;0,00000012
HLA-A33:10;0,00000350
HLA-A33:11;0,00000004
HLA-A33:12;0,00000278
HLA-A33:13;0,00000010
HLA-A33:16;0,00022126
HLA-A33:17;0,00005374
HLA-A33:19;0,00000006
HLA-A33:21;0,00000002
HLA-A33:22;0,00000020
HLA-A33:24;0,00000003
HLA-A33:25;0,00000418
HLA-A33:26;0,00000196
HLA-A33:27;0,00000020
HLA-A33:28;0,00000012
HLA-A33:30;0,00000103
HLA-A33:36;0,00003695
HLA-A33:43;0,00000002
HLA-A33:71;0,00000303
HLA-A34:01;0,00609241
HLA-A34:02;0,00374941
HLA-A34:03;0,00000301
HLA-A34:04;0,00000036
HLA-A34:05;0,00008517
HLA-A34:06;0,00000008
HLA-A34:07;0,00000002
HLA-A34:08;0,00000007
HLA-A34:09;0,00000004
HLA-A36:01;0,00275481
HLA-A36:02;0,00000338
HLA-A36:03;0,00004792
HLA-A36:04;0,00000866
HLA-A36:05;0,00000227
HLA-A43:01;0,00003378
HLA-A66:01;0,00664022
HLA-A66:02;0,00078263
HLA-A66:03;0,00019279
HLA-A66:04;0,00000045
HLA-A66:05;0,00000105
HLA-A66:06;0,00000001
HLA-A66:07;0,00000104
HLA-A66:09;0,00000026
HLA-A66:11;0,00000002
HLA-A66:13;0,00000069
HLA-A66:14;0,00000069
HLA-A66:17;0,00000206
HLA-A68:01;0,02680175
HLA-A68:02;0,01903354
HLA-A68:03;0,00127271
HLA-A68:04;0,00001638
HLA-A68:05;0,00020733
HLA-A68:06;0,00001760
HLA-A68:07;0,00001762
HLA-A68:08;0,00001241
HLA-A68:09;0,00000136
HLA-A68:10;0,00002136
HLA-A68:101;0,00000002
HLA-A68:12;0,00001607
HLA-A68:13;0,00000584
HLA-A68:14;0,00000008
HLA-A68:148;0,00000002
HLA-A68:15;0,00002274
HLA-A68:155;0,00000002
HLA-A68:158;0,00000002
HLA-A68:16;0,00000103
HLA-A68:17;0,00000438
HLA-A68:18;0,00001774
HLA-A68:19;0,00000077
HLA-A68:20;0,00001324
HLA-A68:22;0,00000026
HLA-A68:23;0,00000048
HLA-A68:24;0,00001398
HLA-A68:25;0,00000048
HLA-A68:26;0,00000134
HLA-A68:27;0,00000185
HLA-A68:28;0,00000151
HLA-A68:29;0,00000078
HLA-A68:30;0,00002147
HLA-A68:31;0,00000214
HLA-A68:32;0,00000002
HLA-A68:34;0,00000002
HLA-A68:35;0,00000069
HLA-A68:36;0,00000091
HLA-A68:37;0,00000177
HLA-A68:38;0,00000216
HLA-A68:39;0,00000004
HLA-A68:40;0,00000024
HLA-A68:41;0,00000022
HLA-A68:42;0,00000014
HLA-A68:44;0,00000010
HLA-A68:46;0,00000008
HLA-A68:54;0,00000002
HLA-A68:55;0,00000166
HLA-A68:57;0,00000012
HLA-A68:61;0,00000002
HLA-A68:65;0,00000020
HLA-A68:67;0,00000004
HLA-A68:68;0,00000004
HLA-A68:72;0,00000002
HLA-A68:73;0,00000020
HLA-A68:75;0,00000010
HLA-A68:77;0,00000008
HLA-A68:99;0,00000002
HLA-A69:01;0,00401942
HLA-A74:01;0,00590740
HLA-A74:02;0,00000746
HLA-A74:03;0,00060511
HLA-A74:04;0,00000065
HLA-A74:05;0,00000533
HLA-A74:06;0,00000415
HLA-A74:07;0,00000043
HLA-A74:08;0,00000094
HLA-A74:09;0,00001953
HLA-A74:10;0,00000069
HLA-A74:11;0,00001441
HLA-A74:12;0,00000016
HLA-A74:13;0,00000058
HLA-A74:14;0,00000113
HLA-A74:15;0,00000016
HLA-A74:16;0,00000051
HLA-A74:17;0,00000016
HLA-A74:18;0,00000016
HLA-A74:19;0,00000016
HLA-A74:20;0,00000016
HLA-A74:23;0,00000111
HLA-A80:01;0,00099655
HLA-A80:02;0,00008129
HLA-A80:03;0,00000030
HLA-B07:02;0,05613507
HLA-B07:03;0,00001172
HLA-B07:04;0,00016630
HLA-B07:05;0,01239143
HLA-B07:06;0,00005615
HLA-B07:07;0,00002884
HLA-B07:08;0,00000347
HLA-B07:09;0,00005125
HLA-B07:10;0,00003963
HLA-B07:102;0,00000013
HLA-B07:103;0,00000002
HLA-B07:107;0,00000028
HLA-B07:109;0,00000006
HLA-B07:11;0,00000550
HLA-B07:110;0,00000002
HLA-B07:111;0,00000012
HLA-B07:112;0,00000022
HLA-B07:113;0,00000026
HLA-B07:114;0,00000041
HLA-B07:115;0,00000046
HLA-B07:116;0,00000268
HLA-B07:117;0,00000034
HLA-B07:118;0,00000004
HLA-B07:12;0,00000330
HLA-B07:122;0,00000040
HLA-B07:124;0,00000010
HLA-B07:13;0,00000169
HLA-B07:138;0,00000020
HLA-B07:14;0,00002096
HLA-B07:149;0,00000002
HLA-B07:15;0,00000304
HLA-B07:153;0,00000002
HLA-B07:16;0,00000178
HLA-B07:165;0,00000002
HLA-B07:17;0,00000171
HLA-B07:18;0,00000242
HLA-B07:181;0,00000002
HLA-B07:19;0,00000100
HLA-B07:20;0,00000593
HLA-B07:21;0,00000004
HLA-B07:22;0,00000104
HLA-B07:23;0,00000207
HLA-B07:237;0,00000002
HLA-B07:24;0,00000015
HLA-B07:26;0,00000296
HLA-B07:27;0,00000064
HLA-B07:28;0,00000143
HLA-B07:29;0,00000009
HLA-B07:30;0,00000002
HLA-B07:31;0,00000749
HLA-B07:32;0,00000136
HLA-B07:33;0,00000519
HLA-B07:34;0,00000024
HLA-B07:35;0,00000485
HLA-B07:36;0,00000135
HLA-B07:37;0,00000590
HLA-B07:38;0,00000606
HLA-B07:39;0,00000006
HLA-B07:40;0,00000038
HLA-B07:41;0,00000060
HLA-B07:42;0,00000071
HLA-B07:43;0,00000042
HLA-B07:46;0,00000001
HLA-B07:47;0,00000341
HLA-B07:48;0,00000098
HLA-B07:51;0,00000026
HLA-B07:53;0,00000101
HLA-B07:54;0,00000016
HLA-B07:55;0,00000002
HLA-B07:57;0,00000004
HLA-B07:62;0,00000042
HLA-B07:63;0,00000010
HLA-B07:64;0,00000001
HLA-B07:66;0,00000004
HLA-B07:67;0,00000006
HLA-B07:68;0,00000134
HLA-B07:70;0,00000005
HLA-B07:71;0,00000008
HLA-B07:73;0,00000006
HLA-B07:74;0,00000006
HLA-B07:75;0,00000001
HLA-B07:77;0,00000020
HLA-B07:80;0,00000086
HLA-B07:81;0,00000002
HLA-B07:85;0,00000102
HLA-B07:86;0,00000023
HLA-B07:87;0,00000014
HLA-B07:88;0,00000016
HLA-B07:91;0,00000002
HLA-B07:92;0,00000007
HLA-B07:94;0,00000002
HLA-B07:95;0,00000006
HLA-B07:96;0,00000019
HLA-B07:98;0,00000006
HLA-B08:01;0,04544050
HLA-B08:02;0,00001814
HLA-B08:03;0,00001517
HLA-B08:04;0,00001642
HLA-B08:05;0,00001992
HLA-B08:07;0,00000078
HLA-B08:09;0,00001541
HLA-B08:10;0,00000023
HLA-B08:11;0,00000001
HLA-B08:12;0,00001436
HLA-B08:13;0,00000177
HLA-B08:14;0,00000127
HLA-B08:15;0,00000004
HLA-B08:16;0,00000344
HLA-B08:161;0,00000002
HLA-B08:18;0,00000417
HLA-B08:20;0,00000966
HLA-B08:21;0,00000169
HLA-B08:22;0,00000014
HLA-B08:23;0,00000153
HLA-B08:24;0,00000103
HLA-B08:25;0,00000016
HLA-B08:26;0,00000003
HLA-B08:27;0,00000200
HLA-B08:28;0,00000033
HLA-B08:31;0,00000007
HLA-B08:33;0,00001029
HLA-B08:34;0,00001101
HLA-B08:35;0,00000012
HLA-B08:36;0,00000010
HLA-B08:37;0,00000034
HLA-B08:38;0,00000090
HLA-B08:39;0,00000004
HLA-B08:41;0,00000002
HLA-B08:42;0,00000002
HLA-B08:46;0,00000004
HLA-B08:52;0,00000023
HLA-B08:53;0,00000014
HLA-B08:55;0,00000004
HLA-B08:56;0,00000002
HLA-B08:62;0,00000002
HLA-B08:63;0,00000002
HLA-B08:66;0,00000003
HLA-B08:70;0,00000020
HLA-B08:71;0,00000002
HLA-B08:75;0,00000002
HLA-B08:97;0,00000006
HLA-B13:01;0,00977943
HLA-B13:02;0,02542254
HLA-B13:03;0,00001241
HLA-B13:04;0,00000310
HLA-B13:06;0,00000190
HLA-B13:07;0,00001697
HLA-B13:08;0,00000122
HLA-B13:09;0,00000242
HLA-B13:10;0,00000293
HLA-B13:11;0,00000066
HLA-B13:12;0,00000666
HLA-B13:14;0,00000062
HLA-B13:16;0,00000002
HLA-B13:19;0,00000006
HLA-B13:20;0,00000020
HLA-B13:21;0,00000020
HLA-B13:22;0,00000127
HLA-B13:23;0,00000006
HLA-B13:26;0,00002732
HLA-B13:32;0,00000001
HLA-B13:33;0,00000008
HLA-B13:34;0,00000025
HLA-B13:42;0,00000004
HLA-B14:01;0,00436568
HLA-B14:02;0,02700442
HLA-B14:03;0,00024719
HLA-B14:04;0,00002748
HLA-B14:05;0,00001479
HLA-B14:06;0,00002021
HLA-B14:07;0,00000024
HLA-B14:08;0,00000125
HLA-B14:09;0,00000096
HLA-B14:10;0,00000008
HLA-B14:12;0,00000048
HLA-B14:13;0,00001181
HLA-B14:14;0,00000224
HLA-B14:15;0,00000221
HLA-B14:16;0,00000006
HLA-B14:17;0,00000004
HLA-B14:18;0,00006337
HLA-B14:19;0,00000002
HLA-B14:21;0,00000008
HLA-B14:23;0,00000142
HLA-B14:24;0,00000116
HLA-B14:25;0,00001179
HLA-B14:26;0,00000006
HLA-B14:30;0,00000004
HLA-B14:32;0,00000006
HLA-B14:33;0,00000004
HLA-B14:34;0,00000122
HLA-B14:35;0,00000006
HLA-B14:36;0,00000122
HLA-B14:37;0,00000122
HLA-B14:38;0,00000006
HLA-B15:01;0,03446951
HLA-B15:02;0,01263157
HLA-B15:03;0,00826198
HLA-B15:04;0,00018931
HLA-B15:05;0,00048386
HLA-B15:06;0,00029074
HLA-B15:07;0,00098262
HLA-B15:08;0,00065024
HLA-B15:09;0,00027602
HLA-B15:10;0,00372697
HLA-B15:105;0,00000002
HLA-B15:106;0,00000006
HLA-B15:107;0,00000000
HLA-B15:108;0,00000156
HLA-B15:109;0,00000048
HLA-B15:11;0,00189795
HLA-B15:110;0,00000040
HLA-B15:113;0,00000129
HLA-B15:114;0,00000032
HLA-B15:117;0,00000006
HLA-B15:12;0,00077509
HLA-B15:122;0,00000038
HLA-B15:123;0,00000799
HLA-B15:125;0,00000436
HLA-B15:128;0,00000048
HLA-B15:13;0,00101076
HLA-B15:131;0,00000002
HLA-B15:132;0,00000041
HLA-B15:133;0,00000002
HLA-B15:134;0,00000002
HLA-B15:135;0,00000240
HLA-B15:136;0,00000002
HLA-B15:137;0,00000002
HLA-B15:138;0,00000262
HLA-B15:139;0,00000002
HLA-B15:14;0,00000135
HLA-B15:141;0,00000266
HLA-B15:143;0,00000010
HLA-B15:145;0,00000003
HLA-B15:147;0,00000001
HLA-B15:15;0,00061669
HLA-B15:150;0,00005568
HLA-B15:153;0,00000168
HLA-B15:154;0,00000008
HLA-B15:156;0,00000036
HLA-B15:157;0,00000337
HLA-B15:158;0,00000002
HLA-B15:159;0,00000020
HLA-B15:16;0,00225816
HLA-B15:160;0,00000008
HLA-B15:162;0,00000150
HLA-B15:164;0,00000044
HLA-B15:167;0,00000002
HLA-B15:17;0,01100291
HLA-B15:170;0,00000046
HLA-B15:172;0,00000002
HLA-B15:173;0,00000002
HLA-B15:174;0,00000002
HLA-B15:175;0,00000068
HLA-B15:178;0,00000010
HLA-B15:18;0,00376091
HLA-B15:181;0,00000002
HLA-B15:184;0,00000014
HLA-B15:185;0,00000006
HLA-B15:188;0,00000004
HLA-B15:19;0,00000104
HLA-B15:191;0,00000020
HLA-B15:194;0,00000176
HLA-B15:20;0,00002397
HLA-B15:202;0,00000004
HLA-B15:207;0,00000002
HLA-B15:208;0,00000002
HLA-B15:209;0,00000020
HLA-B15:21;0,00168042
HLA-B15:211;0,00000001
HLA-B15:212;0,00000004
HLA-B15:219;0,00000020
HLA-B15:220;0,00000600
HLA-B15:223;0,00000030
HLA-B15:224;0,00000002
HLA-B15:229;0,00000070
HLA-B15:23;0,00001491
HLA-B15:237;0,00000002
HLA-B15:239;0,00000002
HLA-B15:24;0,00019075
HLA-B15:25;0,00232643
HLA-B15:26;0,00000106
HLA-B15:264;0,00000100
HLA-B15:27;0,00097201
HLA-B15:28;0,00001047
HLA-B15:29;0,00039810
HLA-B15:30;0,00022801
HLA-B15:31;0,00010112
HLA-B15:32;0,00021813
HLA-B15:33;0,00004593
HLA-B15:34;0,00001337
HLA-B15:35;0,00189730
HLA-B15:37;0,00005971
HLA-B15:373;0,00000002
HLA-B15:38;0,00004820
HLA-B15:39;0,00010369
HLA-B15:40;0,00011371
HLA-B15:406;0,00000002
HLA-B15:42;0,00000269
HLA-B15:43;0,00000002
HLA-B15:44;0,00000421
HLA-B15:45;0,00000307
HLA-B15:46;0,00002267
HLA-B15:47;0,00002517
HLA-B15:48;0,00001106
HLA-B15:50;0,00000010
HLA-B15:51;0,00000001
HLA-B15:52;0,00001039
HLA-B15:53;0,00000390
HLA-B15:54;0,00001021
HLA-B15:55;0,00000751
HLA-B15:56;0,00000728
HLA-B15:58;0,00004862
HLA-B15:61;0,00000114
HLA-B15:62;0,00000026
HLA-B15:63;0,00000917
HLA-B15:64;0,00000302
HLA-B15:65;0,00000106
HLA-B15:66;0,00000040
HLA-B15:67;0,00001210
HLA-B15:68;0,00000455
HLA-B15:69;0,00000009
HLA-B15:70;0,00000714
HLA-B15:71;0,00001386
HLA-B15:72;0,00002443
HLA-B15:73;0,00000959
HLA-B15:74;0,00000002
HLA-B15:75;0,00000547
HLA-B15:76;0,00000006
HLA-B15:78;0,00000026
HLA-B15:79;0,00000031
HLA-B15:80;0,00001264
HLA-B15:82;0,00000461
HLA-B15:83;0,00000048
HLA-B15:85;0,00000026
HLA-B15:86;0,00000004
HLA-B15:87;0,00000094
HLA-B15:88;0,00000359
HLA-B15:89;0,00000096
HLA-B15:90;0,00000455
HLA-B15:92;0,00000001
HLA-B15:93;0,00000001
HLA-B15:95;0,00000002
HLA-B15:98;0,00000004
HLA-B18:01;0,03991519
HLA-B18:02;0,00052055
HLA-B18:03;0,00027207
HLA-B18:04;0,00003628
HLA-B18:05;0,00006824
HLA-B18:06;0,00001004
HLA-B18:07;0,00001416
HLA-B18:08;0,00000025
HLA-B18:09;0,00000422
HLA-B18:10;0,00000001
HLA-B18:109;0,00000034
HLA-B18:11;0,00000380
HLA-B18:12;0,00000416
HLA-B18:13;0,00000300
HLA-B18:14;0,00000386
HLA-B18:15;0,00000004
HLA-B18:18;0,00000834
HLA-B18:19;0,00000242
HLA-B18:20;0,00000180
HLA-B18:22;0,00000040
HLA-B18:25;0,00000305
HLA-B18:26;0,00000106
HLA-B18:27;0,00000016
HLA-B18:28;0,00000278
HLA-B18:29;0,00000061
HLA-B18:30;0,00000002
HLA-B18:31;0,00000001
HLA-B18:32;0,00000014
HLA-B18:33;0,00000214
HLA-B18:34;0,00000031
HLA-B18:36;0,00000003
HLA-B18:37;0,00000015
HLA-B18:40;0,00000002
HLA-B18:43;0,00000002
HLA-B18:44;0,00000003
HLA-B18:49;0,00000002
HLA-B18:54;0,00000001
HLA-B18:60;0,00000016
HLA-B18:61;0,00000022
HLA-B18:63;0,00000020
HLA-B18:73;0,00000034
HLA-B18:97;0,00000100
HLA-B27:01;0,00000867
HLA-B27:02;0,00517463
HLA-B27:03;0,00049032
HLA-B27:04;0,00232178
HLA-B27:05;0,01594423
HLA-B27:06;0,00102916
HLA-B27:07;0,00102829
HLA-B27:08;0,00002394
HLA-B27:09;0,00003771
HLA-B27:10;0,00000900
HLA-B27:101;0,00000002
HLA-B27:11;0,00000101
HLA-B27:12;0,00006163
HLA-B27:127;0,00000120
HLA-B27:14;0,00005567
HLA-B27:142;0,00000002
HLA-B27:15;0,00000661
HLA-B27:16;0,00000001
HLA-B27:17;0,00000005
HLA-B27:18;0,00000199
HLA-B27:19;0,00000336
HLA-B27:20;0,00000692
HLA-B27:24;0,00000190
HLA-B27:25;0,00000040
HLA-B27:26;0,00000140
HLA-B27:27;0,00000189
HLA-B27:30;0,00000368
HLA-B27:32;0,00000005
HLA-B27:34;0,00000006
HLA-B27:35;0,00000004
HLA-B27:36;0,00000050
HLA-B27:37;0,00000020
HLA-B27:39;0,00000118
HLA-B27:40;0,00000010
HLA-B27:41;0,00000001
HLA-B27:42;0,00000061
HLA-B27:43;0,00000006
HLA-B27:46;0,00000022
HLA-B27:47;0,00000010
HLA-B27:48;0,00000004
HLA-B27:49;0,00000036
HLA-B27:51;0,00000006
HLA-B27:53;0,00000044
HLA-B27:54;0,00000092
HLA-B27:56;0,00000006
HLA-B27:57;0,00000004
HLA-B27:59;0,00000020
HLA-B27:61;0,00000034
HLA-B27:63;0,00000020
HLA-B27:65;0,00000004
HLA-B27:66;0,00000020
HLA-B27:70;0,00000004
HLA-B27:73;0,00000002
HLA-B27:75;0,00000004
HLA-B27:78;0,00000006
HLA-B27:79;0,00000076
HLA-B27:80;0,00000002
HLA-B27:83;0,00000002
HLA-B35:01;0,04919329
HLA-B35:02;0,01170408
HLA-B35:03;0,01540270
HLA-B35:04;0,00028564
HLA-B35:05;0,00463206
HLA-B35:06;0,00007975
HLA-B35:08;0,02568440
HLA-B35:09;0,00001040
HLA-B35:10;0,00003694
HLA-B35:100;0,00000002
HLA-B35:102;0,00000262
HLA-B35:104;0,00000004
HLA-B35:109;0,00000022
HLA-B35:11;0,00006249
HLA-B35:112;0,00000036
HLA-B35:113;0,00000046
HLA-B35:115;0,00000016
HLA-B35:117;0,00000018
HLA-B35:12;0,00158701
HLA-B35:121;0,00000010
HLA-B35:125;0,00000006
HLA-B35:13;0,00000570
HLA-B35:132;0,00000010
HLA-B35:133;0,00000002
HLA-B35:135;0,00000006
HLA-B35:136;0,00000011
HLA-B35:14;0,00015467
HLA-B35:141;0,00000006
HLA-B35:148;0,00000001
HLA-B35:149;0,00000070
HLA-B35:15;0,00000344
HLA-B35:150;0,00000030
HLA-B35:151;0,00000012
HLA-B35:152;0,00000002
HLA-B35:154;0,00000002
HLA-B35:155;0,00000002
HLA-B35:156;0,00000072
HLA-B35:157;0,00000002
HLA-B35:158;0,00000076
HLA-B35:159;0,00000002
HLA-B35:16;0,00002110
HLA-B35:160;0,00000080
HLA-B35:162;0,00000001
HLA-B35:167;0,00000002
HLA-B35:17;0,00051987
HLA-B35:18;0,00000002
HLA-B35:183;0,00000002
HLA-B35:19;0,00000304
HLA-B35:20;0,00019866
HLA-B35:21;0,00003399
HLA-B35:22;0,00003821
HLA-B35:23;0,00002014
HLA-B35:235;0,00000100
HLA-B35:24;0,00001700
HLA-B35:242;0,00000002
HLA-B35:25;0,00000226
HLA-B35:259;0,00000002
HLA-B35:26;0,00000381
HLA-B35:27;0,00001800
HLA-B35:279;0,00000180
HLA-B35:28;0,00002813
HLA-B35:286;0,00000120
HLA-B35:29;0,00000254
HLA-B35:30;0,00006172
HLA-B35:31;0,00005163
HLA-B35:32;0,00001731
HLA-B35:33;0,00000002
HLA-B35:34;0,00001109
HLA-B35:35;0,00000100
HLA-B35:36;0,00004983
HLA-B35:37;0,00000373
HLA-B35:38;0,00000119
HLA-B35:39;0,00000016
HLA-B35:40;0,00000098
HLA-B35:41;0,00000277
HLA-B35:42;0,00001677
HLA-B35:43;0,00106215
HLA-B35:44;0,00000349
HLA-B35:45;0,00000030
HLA-B35:47;0,00000155
HLA-B35:48;0,00000156
HLA-B35:49;0,00001101
HLA-B35:51;0,00000305
HLA-B35:52;0,00000010
HLA-B35:55;0,00000266
HLA-B35:58;0,00000020
HLA-B35:59;0,00000206
HLA-B35:63;0,00000003
HLA-B35:64;0,00000100
HLA-B35:65;0,00000018
HLA-B35:66;0,00000040
HLA-B35:68;0,00000236
HLA-B35:69;0,00000004
HLA-B35:72;0,00000157
HLA-B35:74;0,00000052
HLA-B35:75;0,00000041
HLA-B35:77;0,00000278
HLA-B35:80;0,00000002
HLA-B35:81;0,00000016
HLA-B35:84;0,00000026
HLA-B35:87;0,00000002
HLA-B35:88;0,00000026
HLA-B35:92;0,00000034
HLA-B35:93;0,00000009
HLA-B35:95;0,00000009
HLA-B35:96;0,00000002
HLA-B35:98;0,00000001
HLA-B35:99;0,00000014
HLA-B37:01;0,00983844
HLA-B37:02;0,00021181
HLA-B37:03;0,00003086
HLA-B37:04;0,00001099
HLA-B37:05;0,00000352
HLA-B37:06;0,00000002
HLA-B37:07;0,00000059
HLA-B37:10;0,00000017
HLA-B37:16;0,00000052
HLA-B37:17;0,00000210
HLA-B37:19;0,00000001
HLA-B37:21;0,00000004
HLA-B37:22;0,00000006
HLA-B37:24;0,00000002
HLA-B37:42;0,00000002
HLA-B37:52;0,00000002
HLA-B37:62;0,00000002
HLA-B38:01;0,02953226
HLA-B38:02;0,00873262
HLA-B38:03;0,00000049
HLA-B38:04;0,00000046
HLA-B38:05;0,00000337
HLA-B38:06;0,00001289
HLA-B38:07;0,00000014
HLA-B38:08;0,00000006
HLA-B38:09;0,00005720
HLA-B38:10;0,00000010
HLA-B38:11;0,00000010
HLA-B38:12;0,00000022
HLA-B38:13;0,00000006
HLA-B38:14;0,00000006
HLA-B38:15;0,00000112
HLA-B38:17;0,00000002
HLA-B38:19;0,00000002
HLA-B38:20;0,00000012
HLA-B38:23;0,00000002
HLA-B38:24;0,00000002
HLA-B38:28;0,00000002
HLA-B38:29;0,00000800
HLA-B38:30;0,00000002
HLA-B39:01;0,01144511
HLA-B39:02;0,00045929
HLA-B39:03;0,00006326
HLA-B39:04;0,00010181
HLA-B39:05;0,00235100
HLA-B39:06;0,00414070
HLA-B39:07;0,00000930
HLA-B39:08;0,00029238
HLA-B39:09;0,00029623
HLA-B39:10;0,00129155
HLA-B39:11;0,00017880
HLA-B39:112;0,00000120
HLA-B39:12;0,00001784
HLA-B39:13;0,00003085
HLA-B39:14;0,00002055
HLA-B39:15;0,00008253
HLA-B39:16;0,00000056
HLA-B39:17;0,00000182
HLA-B39:18;0,00000012
HLA-B39:19;0,00000190
HLA-B39:20;0,00000770
HLA-B39:22;0,00000264
HLA-B39:23;0,00001062
HLA-B39:24;0,00040505
HLA-B39:25;0,00000519
HLA-B39:26;0,00000218
HLA-B39:27;0,00002287
HLA-B39:28;0,00002401
HLA-B39:29;0,00000067
HLA-B39:31;0,00021156
HLA-B39:33;0,00000008
HLA-B39:34;0,00000098
HLA-B39:35;0,00000028
HLA-B39:36;0,00000124
HLA-B39:37;0,00000104
HLA-B39:38;0,00000040
HLA-B39:39;0,00000184
HLA-B39:47;0,00000040
HLA-B39:49;0,00000062
HLA-B39:52;0,00000040
HLA-B39:54;0,00000015
HLA-B39:57;0,00000002
HLA-B39:64;0,00000002
HLA-B39:65;0,00000002
HLA-B39:99;0,00000034
HLA-B40:01;0,04094136
HLA-B40:02;0,02374601
HLA-B40:03;0,00044484
HLA-B40:04;0,00032632
HLA-B40:05;0,00181552
HLA-B40:06;0,00955770
HLA-B40:07;0,00000913
HLA-B40:08;0,00029947
HLA-B40:09;0,00000277
HLA-B40:10;0,00060923
HLA-B40:102;0,00000022
HLA-B40:105;0,00000002
HLA-B40:106;0,00000020
HLA-B40:107;0,00000008
HLA-B40:108;0,00000002
HLA-B40:11;0,00011397
HLA-B40:110;0,00000022
HLA-B40:111;0,00000006
HLA-B40:113;0,00000004
HLA-B40:114;0,00000004
HLA-B40:117;0,00000010
HLA-B40:119;0,00000110
HLA-B40:12;0,00010001
HLA-B40:121;0,00000001
HLA-B40:122;0,00000040
HLA-B40:123;0,00000016
HLA-B40:124;0,00000040
HLA-B40:126;0,00000157
HLA-B40:128;0,00000010
HLA-B40:129;0,00000202
HLA-B40:13;0,00000054
HLA-B40:130;0,00000006
HLA-B40:134;0,00000022
HLA-B40:135;0,00000002
HLA-B40:136;0,00000014
HLA-B40:137;0,00000006
HLA-B40:14;0,00001499
HLA-B40:140;0,00000001
HLA-B40:146;0,00000010
HLA-B40:148;0,00000022
HLA-B40:15;0,00000004
HLA-B40:153;0,00000004
HLA-B40:157;0,00000020
HLA-B40:158;0,00000006
HLA-B40:16;0,00002885
HLA-B40:160;0,00000002
HLA-B40:162;0,00000012
HLA-B40:172;0,00000002
HLA-B40:18;0,00000232
HLA-B40:19;0,00000405
HLA-B40:197;0,00000002
HLA-B40:20;0,00001437
HLA-B40:200;0,00000002
HLA-B40:21;0,00000219
HLA-B40:22;0,00000002
HLA-B40:229;0,00000208
HLA-B40:23;0,00004931
HLA-B40:241;0,00000104
HLA-B40:25;0,00000050
HLA-B40:26;0,00000809
HLA-B40:27;0,00006028
HLA-B40:28;0,00000020
HLA-B40:287;0,00000120
HLA-B40:295;0,00000034
HLA-B40:30;0,00000062
HLA-B40:31;0,00000045
HLA-B40:32;0,00000161
HLA-B40:33;0,00000072
HLA-B40:34;0,00000002
HLA-B40:346;0,00000002
HLA-B40:35;0,00001597
HLA-B40:356;0,00000120
HLA-B40:36;0,00000314
HLA-B40:37;0,00000122
HLA-B40:38;0,00000234
HLA-B40:39;0,00000189
HLA-B40:40;0,00002742
HLA-B40:42;0,00000401
HLA-B40:43;0,00000347
HLA-B40:44;0,00000032
HLA-B40:45;0,00000020
HLA-B40:46;0,00000001
HLA-B40:47;0,00000004
HLA-B40:48;0,00000070
HLA-B40:49;0,00000632
HLA-B40:50;0,00001878
HLA-B40:51;0,00000097
HLA-B40:52;0,00000126
HLA-B40:53;0,00001014
HLA-B40:58;0,00000099
HLA-B40:59;0,00000001
HLA-B40:60;0,00000105
HLA-B40:63;0,00000042
HLA-B40:64;0,00000171
HLA-B40:65;0,00000014
HLA-B40:67;0,00000008
HLA-B40:70;0,00000349
HLA-B40:71;0,00000396
HLA-B40:72;0,00000006
HLA-B40:73;0,00000012
HLA-B40:74;0,00000101
HLA-B40:76;0,00000040
HLA-B40:78;0,00000032
HLA-B40:79;0,00000049
HLA-B40:80;0,00000111
HLA-B40:83;0,00000010
HLA-B40:87;0,00000002
HLA-B40:88;0,00000040
HLA-B40:89;0,00000055
HLA-B40:90;0,00000030
HLA-B40:94;0,00000044
HLA-B40:95;0,00000030
HLA-B40:99;0,00000054
HLA-B41:01;0,01287421
HLA-B41:02;0,00728681
HLA-B41:03;0,00003775
HLA-B41:04;0,00000042
HLA-B41:05;0,00000006
HLA-B41:06;0,00000150
HLA-B41:07;0,00001936
HLA-B41:09;0,00000014
HLA-B41:10;0,00000002
HLA-B41:11;0,00000002
HLA-B41:14;0,00000227
HLA-B41:15;0,00000001
HLA-B41:16;0,00000005
HLA-B41:18;0,00000102
HLA-B42:01;0,00556475
HLA-B42:02;0,00081202
HLA-B42:04;0,00000079
HLA-B42:05;0,00000373
HLA-B42:06;0,00000081
HLA-B42:07;0,00000101
HLA-B42:08;0,00000022
HLA-B42:09;0,00000024
HLA-B42:10;0,00000016
HLA-B42:11;0,00000010
HLA-B42:12;0,00000010
HLA-B42:13;0,00000012
HLA-B42:14;0,00000010
HLA-B42:15;0,00000010
HLA-B42:16;0,00000010
HLA-B42:17;0,00000010
HLA-B42:18;0,00000010
HLA-B42:19;0,00000010
HLA-B42:20;0,00000010
HLA-B44:02;0,03218449
HLA-B44:03;0,04789711
HLA-B44:04;0,00014336
HLA-B44:05;0,00190852
HLA-B44:06;0,00004132
HLA-B44:07;0,00000976
HLA-B44:08;0,00001009
HLA-B44:09;0,00001434
HLA-B44:10;0,00013885
HLA-B44:103;0,00000006
HLA-B44:104;0,00000002
HLA-B44:107;0,00000002
HLA-B44:108;0,00000007
HLA-B44:11;0,00000146
HLA-B44:111;0,00000001
HLA-B44:114;0,00000001
HLA-B44:115;0,00000002
HLA-B44:12;0,00000021
HLA-B44:120;0,00000059
HLA-B44:121;0,00000020
HLA-B44:122;0,00000002
HLA-B44:126;0,00000020
HLA-B44:13;0,00000160
HLA-B44:14;0,00001622
HLA-B44:146;0,00000002
HLA-B44:15;0,00002734
HLA-B44:16;0,00000064
HLA-B44:166;0,00000002
HLA-B44:17;0,00000375
HLA-B44:18;0,00000343
HLA-B44:197;0,00000034
HLA-B44:20;0,00000123
HLA-B44:21;0,00001009
HLA-B44:22;0,00000005
HLA-B44:23;0,00000029
HLA-B44:24;0,00001629
HLA-B44:25;0,00000204
HLA-B44:259;0,00000002
HLA-B44:26;0,00000086
HLA-B44:27;0,00039610
HLA-B44:28;0,00002493
HLA-B44:29;0,00002769
HLA-B44:30;0,00000624
HLA-B44:31;0,00000097
HLA-B44:32;0,00000006
HLA-B44:33;0,00000040
HLA-B44:34;0,00000042
HLA-B44:35;0,00001237
HLA-B44:36;0,00000023
HLA-B44:37;0,00000033
HLA-B44:38;0,00000885
HLA-B44:39;0,00000040
HLA-B44:40;0,00000001
HLA-B44:41;0,00000007
HLA-B44:42;0,00000014
HLA-B44:43;0,00000023
HLA-B44:45;0,00000004
HLA-B44:47;0,00000022
HLA-B44:48;0,00000004
HLA-B44:50;0,00000134
HLA-B44:51;0,00000062
HLA-B44:53;0,00000001
HLA-B44:54;0,00000001
HLA-B44:55;0,00000001
HLA-B44:56;0,00000004
HLA-B44:57;0,00000002
HLA-B44:59;0,00000091
HLA-B44:60;0,00000028
HLA-B44:62;0,00000002
HLA-B44:63;0,00000001
HLA-B44:64;0,00000043
HLA-B44:65;0,00000002
HLA-B44:67;0,00000004
HLA-B44:68;0,00000002
HLA-B44:74;0,00000009
HLA-B44:76;0,00000029
HLA-B44:77;0,00000004
HLA-B44:79;0,00000090
HLA-B44:80;0,00000004
HLA-B44:82;0,00000008
HLA-B44:83;0,00000114
HLA-B44:84;0,00000014
HLA-B44:86;0,00000032
HLA-B44:87;0,00000006
HLA-B44:88;0,00000008
HLA-B44:89;0,00000002
HLA-B44:91;0,00000004
HLA-B44:92;0,00000003
HLA-B44:95;0,00000002
HLA-B44:96;0,00000004
HLA-B45:01;0,00793582
HLA-B45:02;0,00000279
HLA-B45:03;0,00002427
HLA-B45:04;0,00000016
HLA-B45:06;0,00000008
HLA-B46:01;0,01804150
HLA-B46:02;0,00000457
HLA-B46:03;0,00000004
HLA-B46:04;0,00000024
HLA-B46:05;0,00000004
HLA-B46:06;0,00000004
HLA-B46:07;0,00000026
HLA-B46:08;0,00000054
HLA-B46:09;0,00000024
HLA-B46:10;0,00000004
HLA-B46:11;0,00000162
HLA-B46:12;0,00000004
HLA-B46:13;0,00000220
HLA-B46:14;0,00000004
HLA-B46:16;0,00000004
HLA-B46:17;0,00000024
HLA-B46:18;0,00000004
HLA-B46:19;0,00000004
HLA-B46:20;0,00000164
HLA-B46:21;0,00000014
HLA-B46:22;0,00000050
HLA-B46:23;0,00000004
HLA-B46:25;0,00000004
HLA-B46:26;0,00000004
HLA-B46:27;0,00000004
HLA-B46:29;0,00000104
HLA-B47:01;0,00168486
HLA-B47:02;0,00001642
HLA-B47:03;0,00010373
HLA-B47:04;0,00000032
HLA-B47:05;0,00000076
HLA-B47:06;0,00000023
HLA-B47:07;0,00000034
HLA-B47:08;0,00000024
HLA-B47:09;0,00000022
HLA-B48:01;0,00929291
HLA-B48:02;0,00015677
HLA-B48:03;0,00058091
HLA-B48:04;0,00013513
HLA-B48:05;0,00000489
HLA-B48:06;0,00000083
HLA-B48:07;0,00002620
HLA-B48:08;0,00000126
HLA-B48:10;0,00000027
HLA-B48:11;0,00000905
HLA-B48:12;0,00000165
HLA-B48:13;0,00000152
HLA-B48:14;0,00000025
HLA-B48:15;0,00000045
HLA-B48:16;0,00000035
HLA-B48:17;0,00000023
HLA-B48:18;0,00000023
HLA-B48:19;0,00000023
HLA-B48:20;0,00000023
HLA-B48:21;0,00000023
HLA-B48:22;0,00000023
HLA-B48:23;0,00000023
HLA-B48:24;0,00000063
HLA-B48:25;0,00000023
HLA-B48:26;0,00000023
HLA-B49:01;0,02067150
HLA-B49:02;0,00000249
HLA-B49:05;0,00000002
HLA-B49:10;0,00000026
HLA-B50:01;0,01844362
HLA-B50:02;0,00120545
HLA-B50:04;0,00001050
HLA-B50:05;0,00000088
HLA-B50:07;0,00000006
HLA-B50:08;0,00000004
HLA-B50:09;0,00000002
HLA-B50:12;0,00000024
HLA-B51:01;0,05560525
HLA-B51:02;0,00336445
HLA-B51:03;0,00000432
HLA-B51:04;0,00002082
HLA-B51:05;0,00024869
HLA-B51:06;0,00313969
HLA-B51:07;0,00057303
HLA-B51:08;0,00277696
HLA-B51:09;0,00013782
HLA-B51:10;0,00009156
HLA-B51:100;0,00000006
HLA-B51:102;0,00000002
HLA-B51:103;0,00000020
HLA-B51:105;0,00000006
HLA-B51:107;0,00000006
HLA-B51:109;0,00000002
HLA-B51:12;0,00000790
HLA-B51:122;0,00000002
HLA-B51:13;0,00001216
HLA-B51:14;0,00001511
HLA-B51:148;0,00000120
HLA-B51:15;0,00000092
HLA-B51:152;0,00000299
HLA-B51:16;0,00000029
HLA-B51:17;0,00000048
HLA-B51:179;0,00000002
HLA-B51:18;0,00000109
HLA-B51:19;0,00000794
HLA-B51:193;0,00000295
HLA-B51:20;0,00000801
HLA-B51:208;0,00000034
HLA-B51:21;0,00005915
HLA-B51:22;0,00001451
HLA-B51:23;0,00000062
HLA-B51:24;0,00000031
HLA-B51:26;0,00000138
HLA-B51:27;0,00000109
HLA-B51:28;0,00000017
HLA-B51:29;0,00002285
HLA-B51:31;0,00000204
HLA-B51:32;0,00000097
HLA-B51:33;0,00000014
HLA-B51:34;0,00000172
HLA-B51:36;0,00000243
HLA-B51:37;0,00000596
HLA-B51:38;0,00000016
HLA-B51:39;0,00000010
HLA-B51:40;0,00000176
HLA-B51:41;0,00000002
HLA-B51:42;0,00000175
HLA-B51:43;0,00000068
HLA-B51:44;0,00000002
HLA-B51:46;0,00000028
HLA-B51:49;0,00000014
HLA-B51:50;0,00000034
HLA-B51:53;0,00000018
HLA-B51:54;0,00000014
HLA-B51:55;0,00000104
HLA-B51:56;0,00000007
HLA-B51:61;0,00000012
HLA-B51:63;0,00000310
HLA-B51:64;0,00000072
HLA-B51:65;0,00000332
HLA-B51:66;0,00000002
HLA-B51:67;0,00000024
HLA-B51:68;0,00000044
HLA-B51:69;0,00000016
HLA-B51:70;0,00000020
HLA-B51:71;0,00000002
HLA-B51:72;0,00000006
HLA-B51:73;0,00001363
HLA-B51:75;0,00000132
HLA-B51:76;0,00000002
HLA-B51:79;0,00000006
HLA-B51:80;0,00000002
HLA-B51:82;0,00000004
HLA-B51:83;0,00000022
HLA-B51:87;0,00000006
HLA-B51:88;0,00000000
HLA-B51:89;0,00000002
HLA-B51:90;0,00000002
HLA-B51:91;0,00000006
HLA-B51:92;0,00000010
HLA-B51:93;0,00000068
HLA-B51:95;0,00000000
HLA-B51:98;0,00000020
HLA-B52:01;0,02887633
HLA-B52:02;0,00000410
HLA-B52:03;0,00000136
HLA-B52:04;0,00003155
HLA-B52:05;0,00000503
HLA-B52:06;0,00000228
HLA-B52:07;0,00000101
HLA-B52:10;0,00000063
HLA-B52:11;0,00000175
HLA-B52:12;0,00000010
HLA-B52:16;0,00000006
HLA-B52:25;0,00000002
HLA-B52:30;0,00000678
HLA-B53:01;0,01931731
HLA-B53:02;0,00000707
HLA-B53:03;0,00000248
HLA-B53:04;0,00000402
HLA-B53:05;0,00001332
HLA-B53:06;0,00000025
HLA-B53:07;0,00000024
HLA-B53:08;0,00003318
HLA-B53:09;0,00000263
HLA-B53:10;0,00004563
HLA-B53:12;0,00000148
HLA-B53:13;0,00000147
HLA-B53:14;0,00000146
HLA-B53:15;0,00000014
HLA-B53:16;0,00000018
HLA-B53:19;0,00000040
HLA-B53:20;0,00000042
HLA-B53:21;0,00000040
HLA-B53:22;0,00000001
HLA-B53:24;0,00000016
HLA-B53:31;0,00000002
HLA-B54:01;0,00691000
HLA-B54:02;0,00000011
HLA-B54:03;0,00000021
HLA-B54:04;0,00000111
HLA-B54:05;0,00000013
HLA-B54:06;0,00000011
HLA-B54:07;0,00000033
HLA-B54:08;0,00000011
HLA-B54:09;0,00000011
HLA-B54:10;0,00000011
HLA-B54:11;0,00000011
HLA-B54:12;0,00000021
HLA-B54:13;0,00000011
HLA-B54:14;0,00000011
HLA-B54:15;0,00000011
HLA-B54:16;0,00000011
HLA-B54:18;0,00000011
HLA-B54:19;0,00000011
HLA-B54:20;0,00000023
HLA-B54:21;0,00000111
HLA-B54:22;0,00000011
HLA-B54:23;0,00000011
HLA-B54:24;0,00000011
HLA-B54:25;0,00000011
HLA-B54:26;0,00000011
HLA-B55:01;0,01218403
HLA-B55:02;0,00543407
HLA-B55:03;0,00003463
HLA-B55:04;0,00010016
HLA-B55:05;0,00000013
HLA-B55:07;0,00002982
HLA-B55:09;0,00000022
HLA-B55:10;0,00000107
HLA-B55:11;0,00000010
HLA-B55:12;0,00002498
HLA-B55:13;0,00000012
HLA-B55:14;0,00000012
HLA-B55:15;0,00001263
HLA-B55:17;0,00000036
HLA-B55:18;0,00000700
HLA-B55:20;0,00000002
HLA-B55:21;0,00000134
HLA-B55:23;0,00000200
HLA-B55:24;0,00000002
HLA-B55:25;0,00000077
HLA-B55:28;0,00000004
HLA-B55:29;0,00000003
HLA-B55:31;0,00000041
HLA-B55:33;0,00000004
HLA-B55:34;0,00000010
HLA-B55:35;0,00000002
HLA-B55:41;0,00000022
HLA-B55:45;0,00000004
HLA-B55:46;0,00000102
HLA-B55:49;0,00000068
HLA-B56:01;0,00562485
HLA-B56:02;0,00035718
HLA-B56:03;0,00018254
HLA-B56:04;0,00126002
HLA-B56:05;0,00000835
HLA-B56:06;0,00000149
HLA-B56:07;0,00000358
HLA-B56:08;0,00000085
HLA-B56:09;0,00000072
HLA-B56:10;0,00000819
HLA-B56:11;0,00000148
HLA-B56:12;0,00000028
HLA-B56:13;0,00000105
HLA-B56:14;0,00000247
HLA-B56:15;0,00000148
HLA-B56:16;0,00000076
HLA-B56:17;0,00000028
HLA-B56:18;0,00000028
HLA-B56:19;0,00000028
HLA-B56:20;0,00000331
HLA-B56:21;0,00000038
HLA-B56:22;0,00000087
HLA-B56:23;0,00000038
HLA-B56:25;0,00000034
HLA-B56:26;0,00000034
HLA-B56:27;0,00000004
HLA-B56:41;0,00000002
HLA-B57:01;0,02166620
HLA-B57:02;0,00148422
HLA-B57:03;0,00478519
HLA-B57:04;0,00016198
HLA-B57:05;0,00000647
HLA-B57:06;0,00000020
HLA-B57:07;0,00000022
HLA-B57:08;0,00000081
HLA-B57:09;0,00000044
HLA-B57:10;0,00000599
HLA-B57:11;0,00000004
HLA-B57:12;0,00000045
HLA-B57:14;0,00000551
HLA-B57:15;0,00000007
HLA-B57:16;0,00000004
HLA-B57:17;0,00000555
HLA-B57:20;0,00000002
HLA-B57:21;0,00000066
HLA-B57:22;0,00000016
HLA-B57:24;0,00000006
HLA-B57:25;0,00000008
HLA-B57:26;0,00000003
HLA-B57:30;0,00000001
HLA-B57:32;0,00000002
HLA-B57:34;0,00000001
HLA-B57:40;0,00000008
HLA-B57:44;0,00000002
HLA-B57:48;0,00000002
HLA-B57:76;0,00000896
HLA-B58:01;0,02710675
HLA-B58:02;0,00348866
HLA-B58:04;0,00000194
HLA-B58:05;0,00000716
HLA-B58:06;0,00004563
HLA-B58:07;0,00000004
HLA-B58:08;0,00000220
HLA-B58:09;0,00000006
HLA-B58:14;0,00000002
HLA-B58:16;0,00000119
HLA-B58:18;0,00000028
HLA-B58:19;0,00000071
HLA-B58:20;0,00000687
HLA-B58:21;0,00000002
HLA-B58:22;0,00000117
HLA-B58:23;0,00000006
HLA-B58:25;0,00000973
HLA-B58:27;0,00000010
HLA-B58:29;0,00000074
HLA-B58:32;0,00000093
HLA-B58:33;0,00000295
HLA-B58:34;0,00000796
HLA-B58:37;0,00000002
HLA-B58:40;0,00000687
HLA-B58:48;0,00000687
HLA-B59:01;0,00108205
HLA-B59:02;0,00000004
HLA-B59:03;0,00000004
HLA-B59:04;0,00000004
HLA-B59:05;0,00000004
HLA-B59:06;0,00000004
HLA-B67:01;0,00092388
HLA-B67:02;0,00000209
HLA-B67:03;0,00000025
HLA-B67:04;0,00000025
HLA-B73:01;0,00130482
HLA-B78:01;0,00094772
HLA-B78:02;0,00002124
HLA-B78:03;0,00000248
HLA-B78:04;0,00000436
HLA-B78:05;0,00000148
HLA-B78:06;0,00000084
HLA-B78:07;0,00000044
HLA-B81:01;0,00179955
HLA-B81:02;0,00000305
HLA-B81:04;0,00000024
HLA-B81:05;0,00000024
HLA-B81:06;0,00000024
HLA-B82:01;0,00021192
HLA-B82:02;0,00004552
HLA-B82:03;0,00000034
HLA-B83:01;0,00000031
HLA-C01:02;0,06812698
HLA-C01:03;0,00053047
HLA-C01:04;0,00000793
HLA-C01:05;0,00000317
HLA-C01:06;0,00002025
HLA-C01:07;0,00000107
HLA-C01:08;0,00001009
HLA-C01:10;0,00000555
HLA-C01:11;0,00000271
HLA-C01:12;0,00000004
HLA-C01:13;0,00000003
HLA-C01:14;0,00000155
HLA-C01:16;0,00000229
HLA-C01:17;0,00001366
HLA-C01:18;0,00000320
HLA-C01:22;0,00000332
HLA-C01:27;0,00000008
HLA-C01:30;0,00000147
HLA-C01:32;0,00000453
HLA-C01:44;0,00000273
HLA-C01:45;0,00000008
HLA-C01:51;0,00000006
HLA-C01:52;0,00000145
HLA-C01:54;0,00000029
HLA-C01:58;0,00000003
HLA-C01:59;0,00000005
HLA-C01:60;0,00000003
HLA-C02:02;0,03798354
HLA-C02:03;0,00000921
HLA-C02:04;0,00000311
HLA-C02:05;0,00000273
HLA-C02:06;0,00001404
HLA-C02:07;0,00000287
HLA-C02:08;0,00000710
HLA-C02:10;0,00061688
HLA-C02:12;0,00000008
HLA-C02:13;0,00000123
HLA-C02:14;0,00001253
HLA-C02:16;0,00000102
HLA-C02:18;0,00000268
HLA-C02:19;0,00000219
HLA-C02:20;0,00000159
HLA-C02:23;0,00000032
HLA-C02:24;0,00000013
HLA-C02:25;0,00000005
HLA-C02:26;0,00000049
HLA-C02:27;0,00000769
HLA-C02:28;0,00000032
HLA-C02:30;0,00000005
HLA-C02:32;0,00000003
HLA-C02:34;0,00000029
HLA-C02:35;0,00000003
HLA-C02:38;0,00000019
HLA-C02:40;0,00000005
HLA-C02:43;0,00000046
HLA-C02:44;0,00000005
HLA-C02:48;0,00000003
HLA-C02:51;0,00000003
HLA-C02:87;0,00000005
HLA-C02:98;0,00000003
HLA-C03:02;0,02218625
HLA-C03:03;0,04428012
HLA-C03:04;0,07167408
HLA-C03:05;0,00234317
HLA-C03:06;0,00046883
HLA-C03:07;0,00002530
HLA-C03:08;0,00001375
HLA-C03:09;0,00002272
HLA-C03:10;0,00000202
HLA-C03:104;0,00000003
HLA-C03:11;0,00000020
HLA-C03:113;0,00000324
HLA-C03:115;0,00000003
HLA-C03:127;0,00000003
HLA-C03:13;0,00000154
HLA-C03:136;0,00000005
HLA-C03:14;0,00000512
HLA-C03:148;0,00000005
HLA-C03:15;0,00000421
HLA-C03:151;0,00000003
HLA-C03:154;0,00000003
HLA-C03:159;0,00000003
HLA-C03:16;0,00003834
HLA-C03:17;0,00002375
HLA-C03:18;0,00000005
HLA-C03:19;0,00002759
HLA-C03:21;0,00000529
HLA-C03:211;0,00000161
HLA-C03:217;0,00000003
HLA-C03:23;0,00001911
HLA-C03:24;0,00001567
HLA-C03:25;0,00000399
HLA-C03:251;0,00000003
HLA-C03:26;0,00001605
HLA-C03:27;0,00000464
HLA-C03:28;0,00000005
HLA-C03:293;0,00000161
HLA-C03:297;0,00000161
HLA-C03:30;0,00000003
HLA-C03:315;0,00000003
HLA-C03:317;0,00000003
HLA-C03:32;0,00000086
HLA-C03:336;0,00000003
HLA-C03:34;0,00000268
HLA-C03:340;0,00000003
HLA-C03:35;0,00000023
HLA-C03:36;0,00000293
HLA-C03:37;0,00000295
HLA-C03:38;0,00000536
HLA-C03:39;0,00000054
HLA-C03:40;0,00000042
HLA-C03:41;0,00000646
HLA-C03:42;0,00000169
HLA-C03:43;0,00000654
HLA-C03:44;0,00000274
HLA-C03:47;0,00000019
HLA-C03:49;0,00000075
HLA-C03:51;0,00000013
HLA-C03:53;0,00000010
HLA-C03:54;0,00000027
HLA-C03:56;0,00000366
HLA-C03:57;0,00000046
HLA-C03:60;0,00000056
HLA-C03:64;0,00000137
HLA-C03:67;0,00000110
HLA-C03:69;0,00000007
HLA-C03:70;0,00000008
HLA-C03:78;0,00000046
HLA-C03:81;0,00000130
HLA-C03:82;0,00000003
HLA-C03:86;0,00000134
HLA-C03:88;0,00000517
HLA-C03:91;0,00000003
HLA-C03:94;0,00000241
HLA-C04:01;0,12492054
HLA-C04:03;0,00790242
HLA-C04:04;0,00042207
HLA-C04:05;0,00000121
HLA-C04:06;0,00052305
HLA-C04:07;0,00020311
HLA-C04:08;0,00001002
HLA-C04:09;0,00015692
HLA-C04:10;0,00006645
HLA-C04:104;0,00000003
HLA-C04:11;0,00000556
HLA-C04:110;0,00000003
HLA-C04:118;0,00000003
HLA-C04:12;0,00000004
HLA-C04:13;0,00002464
HLA-C04:131;0,00000003
HLA-C04:132;0,00000185
HLA-C04:139;0,00000003
HLA-C04:14;0,00000411
HLA-C04:146;0,00000161
HLA-C04:15;0,00000717
HLA-C04:16;0,00000389
HLA-C04:17;0,00000016
HLA-C04:18;0,00000136
HLA-C04:19;0,00000051
HLA-C04:206;0,00000003
HLA-C04:218;0,00000003
HLA-C04:226;0,00000885
HLA-C04:23;0,00000032
HLA-C04:24;0,00000183
HLA-C04:26;0,00000190
HLA-C04:27;0,00001097
HLA-C04:29;0,00000965
HLA-C04:30;0,00000137
HLA-C04:301;0,00000003
HLA-C04:32;0,00000010
HLA-C04:33;0,00000283
HLA-C04:34;0,00000008
HLA-C04:36;0,00000004
HLA-C04:37;0,00000161
HLA-C04:42;0,00000046
HLA-C04:45;0,00000011
HLA-C04:46;0,00000064
HLA-C04:47;0,00000013
HLA-C04:49;0,00000026
HLA-C04:52;0,00000013
HLA-C04:54;0,00000029
HLA-C04:55;0,00000035
HLA-C04:56;0,00000016
HLA-C04:58;0,00000027
HLA-C04:61;0,00000003
HLA-C04:62;0,00000003
HLA-C04:63;0,00000008
HLA-C04:65;0,00000003
HLA-C04:77;0,00000002
HLA-C04:78;0,00000080
HLA-C04:82;0,00001900
HLA-C04:93;0,00000003
HLA-C04:95;0,00000003
HLA-C04:96;0,00000003
HLA-C05:01;0,03881668
HLA-C05:04;0,00000279
HLA-C05:05;0,00000061
HLA-C05:06;0,00000053
HLA-C05:07;0,00000424
HLA-C05:08;0,00000807
HLA-C05:09;0,00002249
HLA-C05:10;0,00000090
HLA-C05:11;0,00000033
HLA-C05:111;0,00000003
HLA-C05:13;0,00000081
HLA-C05:14;0,00001621
HLA-C05:15;0,00000011
HLA-C05:16;0,00000035
HLA-C05:18;0,00000169
HLA-C05:19;0,00000005
HLA-C05:20;0,00000059
HLA-C05:22;0,00000012
HLA-C05:24;0,00000003
HLA-C05:25;0,00000054
HLA-C05:27;0,00000003
HLA-C05:28;0,00000011
HLA-C05:29;0,00000119
HLA-C05:32;0,00000029
HLA-C05:33;0,00000003
HLA-C05:34;0,00000158
HLA-C05:36;0,00000012
HLA-C05:37;0,00000348
HLA-C05:38;0,00000002
HLA-C05:39;0,00000038
HLA-C05:42;0,00000029
HLA-C05:43;0,00000003
HLA-C05:44;0,00000003
HLA-C05:47;0,00000029
HLA-C05:65;0,00000276
HLA-C05:67;0,00000005
HLA-C05:98;0,00000003
HLA-C05:99;0,00000003
HLA-C06:02;0,07707442
HLA-C06:03;0,00000141
HLA-C06:04;0,00001527
HLA-C06:06;0,00002386
HLA-C06:07;0,00000286
HLA-C06:08;0,00001615
HLA-C06:09;0,00001003
HLA-C06:10;0,00000003
HLA-C06:11;0,00000544
HLA-C06:12;0,00000043
HLA-C06:127;0,00000046
HLA-C06:138;0,00000267
HLA-C06:14;0,00000034
HLA-C06:148;0,00000003
HLA-C06:15;0,00000236
HLA-C06:16;0,00000373
HLA-C06:17;0,00008017
HLA-C06:18;0,00000088
HLA-C06:20;0,00000003
HLA-C06:23;0,00000050
HLA-C06:24;0,00000147
HLA-C06:26;0,00000003
HLA-C06:27;0,00000464
HLA-C06:28;0,00000179
HLA-C06:30;0,00000325
HLA-C06:32;0,00000097
HLA-C06:34;0,00000003
HLA-C06:38;0,00000161
HLA-C06:39;0,00000043
HLA-C06:43;0,00000027
HLA-C06:47;0,00000115
HLA-C06:49;0,00000094
HLA-C06:50;0,00000005
HLA-C06:53;0,00000802
HLA-C06:54;0,00000003
HLA-C06:57;0,00000080
HLA-C06:65;0,00000003
HLA-C06:66;0,00000003
HLA-C06:73;0,00000137
HLA-C06:89;0,00000137
HLA-C06:91;0,00000005
HLA-C06:96;0,00000003
HLA-C06:98;0,00000134
HLA-C07:01;0,09705248
HLA-C07:02;0,12549081
HLA-C07:03;0,00004408
HLA-C07:04;0,01290427
HLA-C07:05;0,00008707
HLA-C07:06;0,00026409
HLA-C07:07;0,00002129
HLA-C07:08;0,00001780
HLA-C07:09;0,00001918
HLA-C07:10;0,00001426
HLA-C07:100;0,00000056
HLA-C07:101;0,00000038
HLA-C07:102;0,00000083
HLA-C07:103;0,00000027
HLA-C07:104;0,00000045
HLA-C07:105;0,00000035
HLA-C07:106;0,00000043
HLA-C07:107;0,00000043
HLA-C07:108;0,00000027
HLA-C07:109;0,00001006
HLA-C07:112;0,00000008
HLA-C07:114;0,00000003
HLA-C07:116;0,00000003
HLA-C07:117;0,00000011
HLA-C07:118;0,00000005
HLA-C07:119;0,00000003
HLA-C07:12;0,00000705
HLA-C07:120;0,00000016
HLA-C07:121;0,00000003
HLA-C07:122;0,00000003
HLA-C07:123;0,00000130
HLA-C07:124;0,00000003
HLA-C07:126;0,00000174
HLA-C07:127;0,00000003
HLA-C07:13;0,00000797
HLA-C07:130;0,00000029
HLA-C07:133;0,00000007
HLA-C07:137;0,00000016
HLA-C07:138;0,00000270
HLA-C07:14;0,00000694
HLA-C07:140;0,00000014
HLA-C07:141;0,00000115
HLA-C07:143;0,00000003
HLA-C07:145;0,00000003
HLA-C07:147;0,00000029
HLA-C07:148;0,00000005
HLA-C07:15;0,00000529
HLA-C07:150;0,00000003
HLA-C07:151;0,00000003
HLA-C07:152;0,00000005
HLA-C07:154;0,00000003
HLA-C07:155;0,00000102
HLA-C07:156;0,00000008
HLA-C07:157;0,00000005
HLA-C07:158;0,00000005
HLA-C07:16;0,00000844
HLA-C07:161;0,00000086
HLA-C07:162;0,00000043
HLA-C07:163;0,00000035
HLA-C07:164;0,00000040
HLA-C07:165;0,00000099
HLA-C07:168;0,00000054
HLA-C07:169;0,00000062
HLA-C07:17;0,00006947
HLA-C07:170;0,00000198
HLA-C07:171;0,00000180
HLA-C07:172;0,00000338
HLA-C07:173;0,00000228
HLA-C07:174;0,00000172
HLA-C07:175;0,00000180
HLA-C07:176;0,00000198
HLA-C07:177;0,00000153
HLA-C07:178;0,00000145
HLA-C07:179;0,00000180
HLA-C07:18;0,00017948
HLA-C07:180;0,00000005
HLA-C07:181;0,00000003
HLA-C07:182;0,00000046
HLA-C07:187;0,00000027
HLA-C07:19;0,00004073
HLA-C07:192;0,00000005
HLA-C07:205;0,00000008
HLA-C07:209;0,00000003
HLA-C07:21;0,00000399
HLA-C07:212;0,00000003
HLA-C07:216;0,00000003
HLA-C07:218;0,00000003
HLA-C07:22;0,00002153
HLA-C07:223;0,00000003
HLA-C07:23;0,00000080
HLA-C07:24;0,00002680
HLA-C07:241;0,00000003
HLA-C07:242;0,00000005
HLA-C07:249;0,00000134
HLA-C07:25;0,00000192
HLA-C07:257;0,00000003
HLA-C07:26;0,00020479
HLA-C07:27;0,00007787
HLA-C07:28;0,00000290
HLA-C07:29;0,00003466
HLA-C07:292;0,00000003
HLA-C07:30;0,00000016
HLA-C07:31;0,00000144
HLA-C07:314;0,00000134
HLA-C07:32;0,00000049
HLA-C07:33;0,00000008
HLA-C07:346;0,00000140
HLA-C07:35;0,00000718
HLA-C07:36;0,00000110
HLA-C07:360;0,00000003
HLA-C07:37;0,00000317
HLA-C07:38;0,00000003
HLA-C07:39;0,00000003
HLA-C07:391;0,00000003
HLA-C07:40;0,00000604
HLA-C07:43;0,00000792
HLA-C07:46;0,00000509
HLA-C07:483;0,00000003
HLA-C07:49;0,00000129
HLA-C07:51;0,00000266
HLA-C07:53;0,00000003
HLA-C07:54;0,00000008
HLA-C07:548;0,00000003
HLA-C07:55;0,00000147
HLA-C07:552;0,00000003
HLA-C07:56;0,00002230
HLA-C07:564;0,00000003
HLA-C07:578;0,00000279
HLA-C07:58;0,00000029
HLA-C07:60;0,00000261
HLA-C07:61;0,00000123
HLA-C07:66;0,00001195
HLA-C07:67;0,00000147
HLA-C07:672;0,00000003
HLA-C07:68;0,00000646
HLA-C07:70;0,00000005
HLA-C07:71;0,00000003
HLA-C07:72;0,00000039
HLA-C07:75;0,00000029
HLA-C07:76;0,00000056
HLA-C07:79;0,00000011
HLA-C07:80;0,00000328
HLA-C07:83;0,00000005
HLA-C07:85;0,00000083
HLA-C07:89;0,00000013
HLA-C07:91;0,00000016
HLA-C07:92;0,00000020
HLA-C07:93;0,00000021
HLA-C07:95;0,00000186
HLA-C07:96;0,00000008
HLA-C07:97;0,00000003
HLA-C07:99;0,00000011
HLA-C08:01;0,03567569
HLA-C08:02;0,02254986
HLA-C08:03;0,00288902
HLA-C08:04;0,00123826
HLA-C08:05;0,00000416
HLA-C08:06;0,00016175
HLA-C08:07;0,00000160
HLA-C08:08;0,00000420
HLA-C08:10;0,00000258
HLA-C08:103;0,00000003
HLA-C08:11;0,00000257
HLA-C08:12;0,00000254
HLA-C08:13;0,00001169
HLA-C08:137;0,00000161
HLA-C08:15;0,00000229
HLA-C08:16;0,00000137
HLA-C08:18;0,00000005
HLA-C08:20;0,00000147
HLA-C08:21;0,00000137
HLA-C08:22;0,00002407
HLA-C08:23;0,00000029
HLA-C08:25;0,00000267
HLA-C08:27;0,00000244
HLA-C08:28;0,00000118
HLA-C08:29;0,00000027
HLA-C08:30;0,00000003
HLA-C08:33;0,00000003
HLA-C08:34;0,00000003
HLA-C08:35;0,00000021
HLA-C08:39;0,00000136
HLA-C08:41;0,00000408
HLA-C08:42;0,00000051
HLA-C08:43;0,00000008
HLA-C08:72;0,00000161
HLA-C12:02;0,02457794
HLA-C12:03;0,04173300
HLA-C12:04;0,00100645
HLA-C12:05;0,00006806
HLA-C12:06;0,00000090
HLA-C12:07;0,00001923
HLA-C12:09;0,00000487
HLA-C12:100;0,00000003
HLA-C12:101;0,00000046
HLA-C12:11;0,00000011
HLA-C12:12;0,00001229
HLA-C12:13;0,00003859
HLA-C12:139;0,00000268
HLA-C12:14;0,00000004
HLA-C12:141;0,00000003
HLA-C12:15;0,00000391
HLA-C12:16;0,00001242
HLA-C12:18;0,00000422
HLA-C12:19;0,00000088
HLA-C12:20;0,00000080
HLA-C12:21;0,00000094
HLA-C12:24;0,00000031
HLA-C12:27;0,00000080
HLA-C12:28;0,00000008
HLA-C12:30;0,00000027
HLA-C12:33;0,00000003
HLA-C12:34;0,00000287
HLA-C12:42;0,00000011
HLA-C12:43;0,00000011
HLA-C12:45;0,00000003
HLA-C12:48;0,00000003
HLA-C12:51;0,00000002
HLA-C12:62;0,00000003
HLA-C12:78;0,00000003
HLA-C12:86;0,00000003
HLA-C12:98;0,00000134
HLA-C12:99;0,00000003
HLA-C14:02;0,02529810
HLA-C14:03;0,00611527
HLA-C14:04;0,00001116
HLA-C14:05;0,00000431
HLA-C14:06;0,00000357
HLA-C14:07;0,00000736
HLA-C14:08;0,00000736
HLA-C14:10;0,00000097
HLA-C14:11;0,00000264
HLA-C14:12;0,00000021
HLA-C14:18;0,00000005
HLA-C14:32;0,00000003
HLA-C14:41;0,00000003
HLA-C14:55;0,00000200
HLA-C15:02;0,03601658
HLA-C15:03;0,00000440
HLA-C15:04;0,00087981
HLA-C15:05;0,00830025
HLA-C15:06;0,00021568
HLA-C15:07;0,00007616
HLA-C15:08;0,00000791
HLA-C15:09;0,00027399
HLA-C15:10;0,00002655
HLA-C15:11;0,00002035
HLA-C15:12;0,00000330
HLA-C15:13;0,00001964
HLA-C15:15;0,00000180
HLA-C15:16;0,00000017
HLA-C15:17;0,00000381
HLA-C15:18;0,00000046
HLA-C15:19;0,00000180
HLA-C15:21;0,00000027
HLA-C15:22;0,00000206
HLA-C15:23;0,00000121
HLA-C15:24;0,00000048
HLA-C15:26;0,00000027
HLA-C15:27;0,00000161
HLA-C15:28;0,00000029
HLA-C15:30;0,00000279
HLA-C15:36;0,00000062
HLA-C15:37;0,00000003
HLA-C15:38;0,00000003
HLA-C15:44;0,00000003
HLA-C15:45;0,00000083
HLA-C15:48;0,00000013
HLA-C15:50;0,00000027
HLA-C15:62;0,00000046
HLA-C15:69;0,00000003
HLA-C16:01;0,02852398
HLA-C16:02;0,00653325
HLA-C16:04;0,00179171
HLA-C16:06;0,00000027
HLA-C16:07;0,00000083
HLA-C16:08;0,00000286
HLA-C16:09;0,00000040
HLA-C16:12;0,00000160
HLA-C16:13;0,00000003
HLA-C16:14;0,00000013
HLA-C16:15;0,00000005
HLA-C16:16;0,00000032
HLA-C16:18;0,00000008
HLA-C16:19;0,00000016
HLA-C16:21;0,00000016
HLA-C16:22;0,00000013
HLA-C16:26;0,00000005
HLA-C16:27;0,00000002
HLA-C16:35;0,00000011
HLA-C16:46;0,00000941
HLA-C16:73;0,00000003
HLA-C17:01;0,01529936
HLA-C17:02;0,00000482
HLA-C17:03;0,00063424
HLA-C17:04;0,00000299
HLA-C17:07;0,00000005
HLA-C17:28;0,00000046
HLA-C18:01;0,00386460
HLA-C18:02;0,00002362
HLA-C18:03;0,00000140
HLA-C18:06;0,00000046
